PlayerKey,split,ever_injured
26624,train,0
30068,train,0
30953,train,0
31070,train,1
31266,train,0
32103,train,0
33337,train,1
34214,train,0
34230,train,0
34243,train,0
35577,train,0
35611,train,1
35617,train,0
35624,train,0
35648,train,1
36554,train,0
36557,train,1
36559,train,1
36572,train,1
36573,train,1
36607,train,1
36621,train,1
36656,train,0
36757,train,0
36803,train,0
37188,train,0
38213,train,0
38214,train,1
38252,train,0
38253,train,1
38274,train,0
38325,train,0
38876,train,1
39017,train,0
39038,train,0
39583,train,0
39653,train,1
39654,train,0
39656,train,1
39671,train,1
39678,train,1
39680,train,0
39715,train,0
39748,train,0
39771,train,0
39786,train,0
39794,train,0
39809,train,0
39836,train,0
39873,train,1
39956,train,1
39960,train,0
40051,train,1
40070,train,0
40286,train,0
40474,train,1
41084,train,0
41086,train,0
41122,train,0
41143,train,0
41145,train,1
41152,train,0
41209,train,1
41248,train,0
41558,train,0
41577,train,0
41664,train,0
42288,train,0
42344,train,0
42346,train,0
42348,train,1
42399,train,0
42405,train,0
42413,train,0
42418,train,1
42448,train,1
42456,train,1
42470,train,0
42472,train,0
42549,train,0
42588,train,0
42600,train,1
42637,train,1
43050,train,0
43066,train,0
43119,train,1
43229,train,1
43483,train,0
43488,train,0
43489,train,0
43490,train,1
43505,train,1
43527,train,0
43532,train,1
43540,train,1
43550,train,0
43672,train,1
43826,train,1
43988,train,0
44067,train,0
44158,train,0
44165,train,0
44203,train,0
44421,train,1
44423,train,1
44424,train,0
44433,train,0
44440,train,1
44444,train,0
44449,train,1
44454,train,0
44459,train,0
44463,train,0
44480,train,0
44482,train,1
44485,train,0
44491,train,0
44492,train,1
44511,train,1
44527,train,0
44542,train,1
44546,train,0
44548,train,0
44618,train,0
44629,train,0
44799,train,0
44825,train,0
44900,train,1
44934,train,0
45028,train,0
45061,train,0
45927,train,0
45953,train,0
45966,train,1
45974,train,0
45975,train,1
45983,train,1
45987,train,0
46014,train,1
46021,train,1
46038,train,1
46046,train,0
46066,train,0
46067,train,0
46074,train,1
46098,train,1
46119,train,1
46134,train,1
46299,train,0
46316,train,1
46331,train,1
46394,train,1
46465,train,0
46587,train,1
46646,train,1
46832,train,0
47195,train,0
47196,train,1
47220,train,1
47273,train,1
47278,train,0
47282,train,0
47285,train,1
47287,train,1
47294,train,0
47307,train,1
47308,train,0
47331,train,0
47334,train,1
47376,train,0
47382,train,1
47550,train,0
47784,train,0
47813,train,1
47820,train,0
27363,test,0
31933,test,1
33474,test,1
34347,test,1
35570,test,1
36555,test,0
36630,test,0
36672,test,0
37068,test,1
38192,test,1
38228,test,1
38259,test,1
38281,test,0
39650,test,0
39664,test,0
39702,test,0
39850,test,1
40335,test,0
40345,test,0
40405,test,1
41094,test,1
41692,test,0
41943,test,1
42359,test,0
42404,test,0
42406,test,1
42432,test,0
42780,test,0
43523,test,0
43656,test,0
44037,test,0
44411,test,0
44418,test,0
44434,test,1
44451,test,0
44489,test,1
44506,test,0
44517,test,0
44614,test,0
44647,test,0
44806,test,1
45077,test,0
45158,test,1
45187,test,1
45945,test,0
46133,test,0
46430,test,1
47217,test,0
47235,test,1
47302,test,0
34259,validation,0
36579,validation,0
36591,validation,1
36643,validation,0
36696,validation,1
36877,validation,0
38364,validation,1
39731,validation,0
41113,validation,1
41538,validation,0
42352,validation,0
42370,validation,0
42398,validation,1
42615,validation,0
43478,validation,0
43518,validation,1
43535,validation,0
44569,validation,0
44860,validation,1
45099,validation,1
45950,validation,1
45962,validation,1
47348,validation,0
47412,validation,0
47888,validation,0
