PlayerKey,ever_injured
26624,0
30068,0
30953,0
31070,1
31266,0
32103,0
33337,1
34214,0
34230,0
34243,0
35577,0
35611,1
35617,0
35624,0
35648,1
36554,0
36557,1
36559,1
36572,1
36573,1
36607,1
36621,1
36656,0
36757,0
36803,0
37188,0
38213,0
38214,1
38252,0
38253,1
38274,0
38325,0
38876,1
39017,0
39038,0
39583,0
39653,1
39654,0
39656,1
39671,1
39678,1
39680,0
39715,0
39748,0
39771,0
39786,0
39794,0
39809,0
39836,0
39873,1
39956,1
39960,0
40051,1
40070,0
40286,0
40474,1
41084,0
41086,0
41122,0
41143,0
41145,1
41152,0
41209,1
41248,0
41558,0
41577,0
41664,0
42288,0
42344,0
42346,0
42348,1
42399,0
42405,0
42413,0
42418,1
42448,1
42456,1
42470,0
42472,0
42549,0
42588,0
42600,1
42637,1
43050,0
43066,0
43119,1
43229,1
43483,0
43488,0
43489,0
43490,1
43505,1
43527,0
43532,1
43540,1
43550,0
43672,1
43826,1
43988,0
44067,0
44158,0
44165,0
44203,0
44421,1
44423,1
44424,0
44433,0
44440,1
44444,0
44449,1
44454,0
44459,0
44463,0
44480,0
44482,1
44485,0
44491,0
44492,1
44511,1
44527,0
44542,1
44546,0
44548,0
44618,0
44629,0
44799,0
44825,0
44900,1
44934,0
45028,0
45061,0
45927,0
45953,0
45966,1
45974,0
45975,1
45983,1
45987,0
46014,1
46021,1
46038,1
46046,0
46066,0
46067,0
46074,1
46098,1
46119,1
46134,1
46299,0
46316,1
46331,1
46394,1
46465,0
46587,1
46646,1
46832,0
47195,0
47196,1
47220,1
47273,1
47278,0
47282,0
47285,1
47287,1
47294,0
47307,1
47308,0
47331,0
47334,1
47376,0
47382,1
47550,0
47784,0
47813,1
47820,0
